name,type,url,location_or_channel,price_of_comparable_item,what_it_sells,positioning_line,rating,review_count,source_date
RetailNext,direct,https://retailnext.net/pricing,Global (offices incl. Tokyo/Shanghai/Singapore per founder brief); sold B2B,"Not public. Per-store monthly quote via calculator; subscription bundles Aurora sensors, platform, licences, warranty. Third-party estimate: ~USD 500/sensor install + ~USD 100–250/sensor/month (https://www.ki-syndikat.de/tools/retailnext/, from analyst reports, checked 2026-05-31)","In-store analytics on its own Aurora sensor: traffic, shopper paths, merchandising, pilot-vs-control testing, asset protection","Discover pricing for retail intelligence that DELIVERS.",unreachable (G2 returned 403),0 on Software Advice (https://www.softwareadvice.com/product/549416-RetailNext/),2026-10-07
InContext Solutions (ShopperMX),direct (simulation),https://www.incontextsolutions.com/shopper-insights/,Online virtual-store research; US-based,Not public,"Online virtual store simulations with real shoppers to test shelves, displays, packaging and layouts before in-store rollout; sold to retailers and CPG brands","Now you know. / Insights predictive of in-store results",not found,not found,2026-10-07
Agrex AI (AIVIS),indirect,https://agrexai.com/retail,India (primary); Netherlands; US,"Not public (page advises comparing per-store cost at 1, 5 and 10 stores)","AI video analytics on existing IP cameras: footfall, dwell, queues, conversion; claims <10 days go-live on existing CCTV","Retail Footfall Analytics: Measure What Drives Revenue",not found,not found,2026-10-07
FootfallCam,indirect,https://www.footfallcam.com/Home/WhereToBuy/Philippines,Philippines via resellers (Pasig / Sta Mesa / Makati),Not public (quote via reseller),"People counters, IP cameras, AI boxes, NVRs and analytics software","People Counting System with Support & Services",not found,not found,2026-10-07
V-Count,indirect,https://v-count.com/llms-faq.txt,Global,"Per sensor + BoostBI analytics package; exact prices not confirmed on the page read","3D people-counting sensors, BoostBI analytics, queues, heatmaps, demographics add-ons","not found",not found,not found,2026-10-07
Sensormatic ShopperTrak,indirect,https://www.businesswire.com/news/home/20260922180527/en/Sensormatic-Solutions-Predicts-2026s-Busiest-Holiday-Shopping-Days-in-Asia-Pacific,Global incl. Asia Pacific (Johnson Controls),Not public,"Retail traffic counting and analytics, APAC traffic forecasts","not found",not found,not found,2026-10-07
VIGI (TP-Link) CCTV with people counting,indirect,https://www.vigi.com/ph/blog/2680/cctv-for-retail-stores-in-the-philippines-full-guide/,Philippines,Not read (camera hardware pricing via retailers),"CCTV cameras with built-in people counting (head-and-shoulder detection, no facial recognition)","not found",not found,not found,2026-10-07
Trial-and-error resets (do nothing new),substitute,,In-house,Cost of the reset labour plus lost sales if it fails (not measurable from public sources),"Change the floor, wait, compare sales, undo if it fails (the cycle in the founder's brief)",,,,2026-10-07
POS reports + store walk / manual counts,substitute,,In-house,Staff time,"Read category sales from the POS and walk the store; no path or dwell data",,,,2026-10-07
Supplier / brand-funded displays and planograms,substitute,,In-house with suppliers,Often funded by the supplier (common trade practice; no public PH source read),"Brands propose and pay for endcaps and displays; the retailer decides placement",,,,2026-10-07
StoreLab (Australia),direct (simulation),https://thedirectory.thevrara.com/organization/4684,Brookvale NSW Australia,Not public,"VR store simulation, planogramming, shopper research, trade presentation","global leader in VR simulation, focus group and research (search-result text; page not verified)",not found,not found,2026-10-07
